{
    "counter": {
        "ACTIVE": 29776,
        "INACTIVE": 15650,
        "INVALID": 4,
        "MALICIOUS": 0,
        "SANE": 0,
        "VALID": 0,
        "total": 45430
    },
    "percentage": {
        "ACTIVE": 65.54259300022012,
        "INACTIVE": 34.44860224521241,
        "INVALID": 0.008804754567466431,
        "MALICIOUS": 0.0,
        "SANE": 0.0,
        "VALID": 0.0,
        "total": 100.0
    }
}