{
    "counter": {
        "ACTIVE": 29184,
        "INACTIVE": 15326,
        "INVALID": 4,
        "MALICIOUS": 0,
        "SANE": 0,
        "VALID": 0,
        "total": 44514
    },
    "percentage": {
        "ACTIVE": 65.56139641461114,
        "INACTIVE": 34.42961764838029,
        "INVALID": 0.00898593700858157,
        "MALICIOUS": 0.0,
        "SANE": 0.0,
        "VALID": 0.0,
        "total": 100.0
    }
}