{
    "counter": {
        "ACTIVE": 29605,
        "INACTIVE": 15563,
        "INVALID": 4,
        "MALICIOUS": 0,
        "SANE": 0,
        "VALID": 0,
        "total": 45172
    },
    "percentage": {
        "ACTIVE": 65.53838661117507,
        "INACTIVE": 34.452758345877974,
        "INVALID": 0.008855042946958293,
        "MALICIOUS": 0.0,
        "SANE": 0.0,
        "VALID": 0.0,
        "total": 100.00000000000001
    }
}