{
    "counter": {
        "ACTIVE": 23356,
        "INACTIVE": 12154,
        "INVALID": 0,
        "MALICIOUS": 0,
        "SANE": 0,
        "VALID": 0,
        "total": 35510
    },
    "percentage": {
        "ACTIVE": 65.77302168403267,
        "INACTIVE": 34.22794221183362,
        "INVALID": 0,
        "MALICIOUS": 0,
        "SANE": 0,
        "VALID": 0,
        "total": 100.00096389586629
    }
}