{
    "counter": {
        "ACTIVE": 29383,
        "INACTIVE": 15437,
        "INVALID": 4,
        "MALICIOUS": 0,
        "SANE": 0,
        "VALID": 0,
        "total": 44824
    },
    "percentage": {
        "ACTIVE": 65.55193646260932,
        "INACTIVE": 34.439139746564344,
        "INVALID": 0.008923790826343031,
        "MALICIOUS": 0.0,
        "SANE": 0.0,
        "VALID": 0.0,
        "total": 100.0
    }
}