{
    "counter": {
        "ACTIVE": 29510,
        "INACTIVE": 15519,
        "INVALID": 4,
        "MALICIOUS": 0,
        "SANE": 0,
        "VALID": 0,
        "total": 45033
    },
    "percentage": {
        "ACTIVE": 65.52972264783602,
        "INACTIVE": 34.46139497701685,
        "INVALID": 0.008882375147114338,
        "MALICIOUS": 0.0,
        "SANE": 0.0,
        "VALID": 0.0,
        "total": 99.99999999999999
    }
}