{
    "counter": {
        "ACTIVE": 31628,
        "INACTIVE": 15912,
        "INVALID": 4,
        "MALICIOUS": 0,
        "SANE": 0,
        "VALID": 0,
        "total": 47544
    },
    "percentage": {
        "ACTIVE": 66.52364125862358,
        "INACTIVE": 33.467945482079756,
        "INVALID": 0.008413259296651522,
        "MALICIOUS": 0.0,
        "SANE": 0.0,
        "VALID": 0.0,
        "total": 99.99999999999999
    }
}