{
    "counter": {
        "ACTIVE": 29632,
        "INACTIVE": 15578,
        "INVALID": 4,
        "MALICIOUS": 0,
        "SANE": 0,
        "VALID": 0,
        "total": 45214
    },
    "percentage": {
        "ACTIVE": 65.5372229840315,
        "INACTIVE": 34.45393019861105,
        "INVALID": 0.008846817357455655,
        "MALICIOUS": 0.0,
        "SANE": 0.0,
        "VALID": 0.0,
        "total": 100.0
    }
}