{
    "counter": {
        "ACTIVE": 30553,
        "INACTIVE": 15771,
        "INVALID": 4,
        "MALICIOUS": 0,
        "SANE": 0,
        "VALID": 0,
        "total": 46328
    },
    "percentage": {
        "ACTIVE": 65.94931790709722,
        "INACTIVE": 34.042048005525814,
        "INVALID": 0.008634087376964255,
        "MALICIOUS": 0.0,
        "SANE": 0.0,
        "VALID": 0.0,
        "total": 100.0
    }
}