{
    "counter": {
        "ACTIVE": 31627,
        "INACTIVE": 15912,
        "INVALID": 4,
        "MALICIOUS": 0,
        "SANE": 0,
        "VALID": 0,
        "total": 47543
    },
    "percentage": {
        "ACTIVE": 66.52293713059757,
        "INACTIVE": 33.46864943314473,
        "INVALID": 0.008413436257703553,
        "MALICIOUS": 0.0,
        "SANE": 0.0,
        "VALID": 0.0,
        "total": 100.0
    }
}