{
    "counter": {
        "ACTIVE": 30617,
        "INACTIVE": 15777,
        "INVALID": 4,
        "MALICIOUS": 0,
        "SANE": 0,
        "VALID": 0,
        "total": 46398
    },
    "percentage": {
        "ACTIVE": 65.98775809302126,
        "INACTIVE": 34.00362084572611,
        "INVALID": 0.0086210612526402,
        "MALICIOUS": 0.0,
        "SANE": 0.0,
        "VALID": 0.0,
        "total": 100.00000000000001
    }
}