{
    "counter": {
        "ACTIVE": 29621,
        "INACTIVE": 15566,
        "INVALID": 4,
        "MALICIOUS": 0,
        "SANE": 0,
        "VALID": 0,
        "total": 45191
    },
    "percentage": {
        "ACTIVE": 65.54623708260495,
        "INACTIVE": 34.444911597441966,
        "INVALID": 0.008851319953088004,
        "MALICIOUS": 0.0,
        "SANE": 0.0,
        "VALID": 0.0,
        "total": 100.0
    }
}