{
    "counter": {
        "ACTIVE": 29303,
        "INACTIVE": 15402,
        "INVALID": 4,
        "MALICIOUS": 0,
        "SANE": 0,
        "VALID": 0,
        "total": 44709
    },
    "percentage": {
        "ACTIVE": 65.54161354537118,
        "INACTIVE": 34.449439710125475,
        "INVALID": 0.008946744503343845,
        "MALICIOUS": 0.0,
        "SANE": 0.0,
        "VALID": 0.0,
        "total": 100.0
    }
}