{
    "counter": {
        "ACTIVE": 31661,
        "INACTIVE": 15914,
        "INVALID": 4,
        "MALICIOUS": 0,
        "SANE": 0,
        "VALID": 0,
        "total": 47579
    },
    "percentage": {
        "ACTIVE": 66.54406355745182,
        "INACTIVE": 33.44752937220202,
        "INVALID": 0.008407070346161121,
        "MALICIOUS": 0.0,
        "SANE": 0.0,
        "VALID": 0.0,
        "total": 100.00000000000001
    }
}