{
    "counter": {
        "ACTIVE": 29391,
        "INACTIVE": 15441,
        "INVALID": 4,
        "MALICIOUS": 0,
        "SANE": 0,
        "VALID": 0,
        "total": 44836
    },
    "percentage": {
        "ACTIVE": 65.55223481131233,
        "INACTIVE": 34.4388437862432,
        "INVALID": 0.00892140244446427,
        "MALICIOUS": 0.0,
        "SANE": 0.0,
        "VALID": 0.0,
        "total": 99.99999999999999
    }
}