{
    "counter": {
        "ACTIVE": 29431,
        "INACTIVE": 15460,
        "INVALID": 4,
        "MALICIOUS": 0,
        "SANE": 0,
        "VALID": 0,
        "total": 44895
    },
    "percentage": {
        "ACTIVE": 65.55518431896648,
        "INACTIVE": 34.43590600289564,
        "INVALID": 0.00890967813787727,
        "MALICIOUS": 0.0,
        "SANE": 0.0,
        "VALID": 0.0,
        "total": 100.0
    }
}