{
    "counter": {
        "ACTIVE": 5624,
        "INACTIVE": 3025,
        "INVALID": 0,
        "MALICIOUS": 0,
        "SANE": 0,
        "VALID": 0,
        "total": 8649
    },
    "percentage": {
        "ACTIVE": 65.02485836512892,
        "INACTIVE": 35.00752227751418,
        "INVALID": 0,
        "MALICIOUS": 0,
        "SANE": 0,
        "VALID": 0,
        "total": 100.03238064264309
    }
}