{
    "counter": {
        "ACTIVE": 29438,
        "INACTIVE": 15461,
        "INVALID": 4,
        "MALICIOUS": 0,
        "SANE": 0,
        "VALID": 0,
        "total": 44903
    },
    "percentage": {
        "ACTIVE": 65.55909404716834,
        "INACTIVE": 34.43199786205822,
        "INVALID": 0.008908090773444982,
        "MALICIOUS": 0.0,
        "SANE": 0.0,
        "VALID": 0.0,
        "total": 100.0
    }
}