{
    "counter": {
        "ACTIVE": 29406,
        "INACTIVE": 15443,
        "INVALID": 4,
        "MALICIOUS": 0,
        "SANE": 0,
        "VALID": 0,
        "total": 44853
    },
    "percentage": {
        "ACTIVE": 65.5608320513678,
        "INACTIVE": 34.43024992754108,
        "INVALID": 0.00891802109111988,
        "MALICIOUS": 0.0,
        "SANE": 0.0,
        "VALID": 0.0,
        "total": 100.0
    }
}