{
    "counter": {
        "ACTIVE": 32273,
        "INACTIVE": 16326,
        "INVALID": 6,
        "MALICIOUS": 0,
        "SANE": 0,
        "VALID": 0,
        "total": 48605
    },
    "percentage": {
        "ACTIVE": 66.39851867091863,
        "INACTIVE": 33.589136920069954,
        "INVALID": 0.012344409011418579,
        "MALICIOUS": 0.0,
        "SANE": 0.0,
        "VALID": 0.0,
        "total": 100.00000000000001
    }
}