{
    "counter": {
        "ACTIVE": 199,
        "INACTIVE": 131,
        "INVALID": 0,
        "MALICIOUS": 0,
        "SANE": 0,
        "VALID": 0,
        "total": 330
    },
    "percentage": {
        "ACTIVE": 60.303030303030305,
        "INACTIVE": 40.30769230769231,
        "INVALID": 0,
        "MALICIOUS": 0,
        "SANE": 0,
        "VALID": 0,
        "total": 100.6107226107226
    }
}