{
    "counter": {
        "ACTIVE": 31669,
        "INACTIVE": 15915,
        "INVALID": 4,
        "MALICIOUS": 0,
        "SANE": 0,
        "VALID": 0,
        "total": 47588
    },
    "percentage": {
        "ACTIVE": 66.54828948474405,
        "INACTIVE": 33.44330503488274,
        "INVALID": 0.00840548037320333,
        "MALICIOUS": 0.0,
        "SANE": 0.0,
        "VALID": 0.0,
        "total": 99.99999999999999
    }
}