{
    "counter": {
        "ACTIVE": 31634,
        "INACTIVE": 15912,
        "INVALID": 4,
        "MALICIOUS": 0,
        "SANE": 0,
        "VALID": 0,
        "total": 47550
    },
    "percentage": {
        "ACTIVE": 66.52786540483702,
        "INACTIVE": 33.46372239747634,
        "INVALID": 0.008412197686645636,
        "MALICIOUS": 0.0,
        "SANE": 0.0,
        "VALID": 0.0,
        "total": 100.0
    }
}