{
    "counter": {
        "ACTIVE": 29225,
        "INACTIVE": 15334,
        "INVALID": 4,
        "MALICIOUS": 0,
        "SANE": 0,
        "VALID": 0,
        "total": 44563
    },
    "percentage": {
        "ACTIVE": 65.58131185063843,
        "INACTIVE": 34.409712092991946,
        "INVALID": 0.008976056369634002,
        "MALICIOUS": 0.0,
        "SANE": 0.0,
        "VALID": 0.0,
        "total": 100.00000000000001
    }
}