{
    "counter": {
        "ACTIVE": 32275,
        "INACTIVE": 16328,
        "INVALID": 6,
        "MALICIOUS": 0,
        "SANE": 0,
        "VALID": 0,
        "total": 48609
    },
    "percentage": {
        "ACTIVE": 66.39716924849307,
        "INACTIVE": 33.59048735830813,
        "INVALID": 0.012343393198790348,
        "MALICIOUS": 0.0,
        "SANE": 0.0,
        "VALID": 0.0,
        "total": 100.0
    }
}