{
    "counter": {
        "ACTIVE": 10707,
        "INACTIVE": 6128,
        "INVALID": 0,
        "MALICIOUS": 0,
        "SANE": 0,
        "VALID": 0,
        "total": 16835
    },
    "percentage": {
        "ACTIVE": 63.60342164666746,
        "INACTIVE": 36.4003564003564,
        "INVALID": 0,
        "MALICIOUS": 0,
        "SANE": 0,
        "VALID": 0,
        "total": 100.00377804702386
    }
}