{
    "counter": {
        "ACTIVE": 29609,
        "INACTIVE": 15561,
        "INVALID": 4,
        "MALICIOUS": 0,
        "SANE": 0,
        "VALID": 0,
        "total": 45174
    },
    "percentage": {
        "ACTIVE": 65.54433966440872,
        "INACTIVE": 34.446805684685884,
        "INVALID": 0.008854650905388055,
        "MALICIOUS": 0.0,
        "SANE": 0.0,
        "VALID": 0.0,
        "total": 100.0
    }
}