{
    "counter": {
        "ACTIVE": 29479,
        "INACTIVE": 15496,
        "INVALID": 4,
        "MALICIOUS": 0,
        "SANE": 0,
        "VALID": 0,
        "total": 44979
    },
    "percentage": {
        "ACTIVE": 65.5394739767447,
        "INACTIVE": 34.45163298428155,
        "INVALID": 0.008893038973743302,
        "MALICIOUS": 0.0,
        "SANE": 0.0,
        "VALID": 0.0,
        "total": 99.99999999999999
    }
}