{
    "counter": {
        "ACTIVE": 12443,
        "INACTIVE": 7000,
        "INVALID": 0,
        "MALICIOUS": 0,
        "SANE": 0,
        "VALID": 0,
        "total": 19443
    },
    "percentage": {
        "ACTIVE": 64.00390926392676,
        "INACTIVE": 36.00267448439027,
        "INVALID": 0,
        "MALICIOUS": 0,
        "SANE": 0,
        "VALID": 0,
        "total": 100.00658374831703
    }
}