{
    "counter": {
        "ACTIVE": 29441,
        "INACTIVE": 15468,
        "INVALID": 4,
        "MALICIOUS": 0,
        "SANE": 0,
        "VALID": 0,
        "total": 44913
    },
    "percentage": {
        "ACTIVE": 65.55117671943535,
        "INACTIVE": 34.43991717320152,
        "INVALID": 0.008906107363124263,
        "MALICIOUS": 0.0,
        "SANE": 0.0,
        "VALID": 0.0,
        "total": 100.0
    }
}