{
    "counter": {
        "ACTIVE": 24353,
        "INACTIVE": 12696,
        "INVALID": 0,
        "MALICIOUS": 0,
        "SANE": 0,
        "VALID": 0,
        "total": 37049
    },
    "percentage": {
        "ACTIVE": 65.73186860644012,
        "INACTIVE": 34.269056359317645,
        "INVALID": 0,
        "MALICIOUS": 0,
        "SANE": 0,
        "VALID": 0,
        "total": 100.00092496575776
    }
}