{
    "counter": {
        "ACTIVE": 29858,
        "INACTIVE": 15674,
        "INVALID": 4,
        "MALICIOUS": 0,
        "SANE": 0,
        "VALID": 0,
        "total": 45536
    },
    "percentage": {
        "ACTIVE": 65.57009838369642,
        "INACTIVE": 34.42111735769501,
        "INVALID": 0.008784258608573436,
        "MALICIOUS": 0.0,
        "SANE": 0.0,
        "VALID": 0.0,
        "total": 100.0
    }
}