{
    "counter": {
        "ACTIVE": 31343,
        "INACTIVE": 15863,
        "INVALID": 4,
        "MALICIOUS": 0,
        "SANE": 0,
        "VALID": 0,
        "total": 47210
    },
    "percentage": {
        "ACTIVE": 66.39059521287862,
        "INACTIVE": 33.60093200593095,
        "INVALID": 0.008472781190425757,
        "MALICIOUS": 0.0,
        "SANE": 0.0,
        "VALID": 0.0,
        "total": 100.0
    }
}