{
    "counter": {
        "ACTIVE": 29617,
        "INACTIVE": 15566,
        "INVALID": 4,
        "MALICIOUS": 0,
        "SANE": 0,
        "VALID": 0,
        "total": 45187
    },
    "percentage": {
        "ACTIVE": 65.54318719985837,
        "INACTIVE": 34.447960696660544,
        "INVALID": 0.008852103481089694,
        "MALICIOUS": 0.0,
        "SANE": 0.0,
        "VALID": 0.0,
        "total": 100.00000000000001
    }
}