{
    "counter": {
        "ACTIVE": 4668,
        "INACTIVE": 2516,
        "INVALID": 0,
        "MALICIOUS": 0,
        "SANE": 0,
        "VALID": 0,
        "total": 7184
    },
    "percentage": {
        "ACTIVE": 64.97772828507794,
        "INACTIVE": 35.02714743143533,
        "INVALID": 0,
        "MALICIOUS": 0,
        "SANE": 0,
        "VALID": 0,
        "total": 100.00487571651328
    }
}