{
    "counter": {
        "ACTIVE": 27752,
        "INACTIVE": 14310,
        "INVALID": 0,
        "MALICIOUS": 0,
        "SANE": 0,
        "VALID": 0,
        "total": 42062
    },
    "percentage": {
        "ACTIVE": 65.99605241254667,
        "INACTIVE": 34.0212067899767,
        "INVALID": 0,
        "MALICIOUS": 0,
        "SANE": 0,
        "VALID": 0,
        "total": 100.01725920252338
    }
}