{
    "counter": {
        "ACTIVE": 29799,
        "INACTIVE": 15657,
        "INVALID": 4,
        "MALICIOUS": 0,
        "SANE": 0,
        "VALID": 0,
        "total": 45460
    },
    "percentage": {
        "ACTIVE": 65.54993400791905,
        "INACTIVE": 34.44126704795425,
        "INVALID": 0.008798944126704795,
        "MALICIOUS": 0.0,
        "SANE": 0.0,
        "VALID": 0.0,
        "total": 100.0
    }
}