{
    "counter": {
        "ACTIVE": 9860,
        "INACTIVE": 5234,
        "INVALID": 0,
        "MALICIOUS": 0,
        "SANE": 0,
        "VALID": 0,
        "total": 15094
    },
    "percentage": {
        "ACTIVE": 65.32829788643743,
        "INACTIVE": 34.67603021067974,
        "INVALID": 0,
        "MALICIOUS": 0,
        "SANE": 0,
        "VALID": 0,
        "total": 100.00432809711717
    }
}