{
    "counter": {
        "ACTIVE": 29223,
        "INACTIVE": 15331,
        "INVALID": 4,
        "MALICIOUS": 0,
        "SANE": 0,
        "VALID": 0,
        "total": 44558
    },
    "percentage": {
        "ACTIVE": 65.5841824139324,
        "INACTIVE": 34.4068405224651,
        "INVALID": 0.008977063602495623,
        "MALICIOUS": 0.0,
        "SANE": 0.0,
        "VALID": 0.0,
        "total": 100.0
    }
}