{
    "counter": {
        "ACTIVE": 29334,
        "INACTIVE": 15409,
        "INVALID": 4,
        "MALICIOUS": 0,
        "SANE": 0,
        "VALID": 0,
        "total": 44747
    },
    "percentage": {
        "ACTIVE": 65.55523275303372,
        "INACTIVE": 34.435828100207836,
        "INVALID": 0.008939146758441907,
        "MALICIOUS": 0.0,
        "SANE": 0.0,
        "VALID": 0.0,
        "total": 99.99999999999999
    }
}