{
    "counter": {
        "ACTIVE": 28020,
        "INACTIVE": 14507,
        "INVALID": 0,
        "MALICIOUS": 0,
        "SANE": 0,
        "VALID": 0,
        "total": 42527
    },
    "percentage": {
        "ACTIVE": 65.88755378935736,
        "INACTIVE": 34.15501247822197,
        "INVALID": 0,
        "MALICIOUS": 0,
        "SANE": 0,
        "VALID": 0,
        "total": 100.04256626757933
    }
}