{
    "counter": {
        "ACTIVE": 29249,
        "INACTIVE": 15364,
        "INVALID": 4,
        "MALICIOUS": 0,
        "SANE": 0,
        "VALID": 0,
        "total": 44617
    },
    "percentage": {
        "ACTIVE": 65.55572987874577,
        "INACTIVE": 34.435304928614656,
        "INVALID": 0.008965192639576843,
        "MALICIOUS": 0.0,
        "SANE": 0.0,
        "VALID": 0.0,
        "total": 100.0
    }
}