{
    "counter": {
        "ACTIVE": 29515,
        "INACTIVE": 15517,
        "INVALID": 4,
        "MALICIOUS": 0,
        "SANE": 0,
        "VALID": 0,
        "total": 45036
    },
    "percentage": {
        "ACTIVE": 65.536459721112,
        "INACTIVE": 34.45465849542588,
        "INVALID": 0.008881783462119194,
        "MALICIOUS": 0.0,
        "SANE": 0.0,
        "VALID": 0.0,
        "total": 99.99999999999999
    }
}