{
    "counter": {
        "ACTIVE": 16062,
        "INACTIVE": 8565,
        "INVALID": 0,
        "MALICIOUS": 0,
        "SANE": 0,
        "VALID": 0,
        "total": 24627
    },
    "percentage": {
        "ACTIVE": 65.22374725899456,
        "INACTIVE": 34.77890120599342,
        "INVALID": 0,
        "MALICIOUS": 0,
        "SANE": 0,
        "VALID": 0,
        "total": 100.00264846498798
    }
}